"asc_A","asc_B","asc_C","mu_Tax","mu_Sound","mu_Smell","mu_Colour","mu_Deadwood","sig_Tax","sig_Sound","sig_Smell","sig_Colour","sig_Deadwood","mu_Sound2","mu_Smell2","mu_Colour2","mu_Deadwood2","sig_Sound2","sig_Smell2","sig_Colour2","sig_Deadwood2","beta_Gender","beta_Age","beta_Distance","beta_Charity","beta_Income","beta_Impairment","beta_Country","beta_White","beta_Urbanicity","beta_MostRecentVisit","beta_WoodlandsScore","logLike"
0,0,0,-3,0,0,0,0,0,0,0,0,0,0,0,0,0,0,0,0,0,0,0,0,0,0,0,0,0,0,0,0,-19947.3307435342
0,0,0,-3,0,0,0,0,0,0,0,0,0,0,0,0,0,0,0,0,0,0,0,0,0,0,0,0,0,0,0,0,-19947.3307435342
0,0,-0.000382988176173201,-3.00061356809566,-8.2786865256051e-06,-7.60472732775114e-06,-6.6014270605945e-06,-6.27337231862502e-06,-9.6372113476308e-07,-1.01445037445808e-08,-3.05249358337537e-08,3.24624376201699e-09,-2.23397951970088e-09,-7.98341958451113e-06,-7.16565439182032e-06,-6.86044415113542e-06,-1.09963772060105e-05,2.1974001371653e-08,-1.97033730137701e-08,1.00425501022941e-09,1.92503674855768e-08,-0.000193517242232494,-0.000189481707131626,-0.00322285840520448,-0.000144695494079112,-0.000216242906647931,-8.66657885780772e-05,-0.000370304186816612,-0.00031507052562575,-0.000284683911906145,-0.000908210676135525,-0.0207867886691038,-18117.4245982723
0,0,-0.00393361693450298,-3.05054568968807,-0.000460068181434508,-0.000240473527865368,-7.14788193867843e-05,-9.00748891436985e-05,-0.000104581651948249,-1.48065313371092e-06,-2.46663994707786e-06,6.3515303872229e-07,3.48505567340779e-07,-0.000338125150621482,-0.000219582492622843,-0.000201203710334698,-0.000912632684907239,2.01933038767078e-06,-1.48004352735612e-06,1.40590700556699e-06,1.873909855128e-06,-0.00207328112465437,-0.000616113978196593,-0.0378168473994885,-0.00591324304128538,-0.00423152435743797,-0.00303281256933833,-0.00431841112034132,-0.00370719534875058,-0.00222359868530114,-0.0269392391672896,-0.0142189948845185,-17912.3355708581
0,0,-0.0482616161787998,-3.77310109847021,-0.0069661085555091,-0.00350525001311732,-0.000908689280505394,-0.00121460235730089,-0.00191530571801669,-2.3632825466755e-05,-3.76537221492723e-05,8.65724165251536e-06,5.09689249860843e-06,-0.00508696185065788,-0.00322244433142455,-0.00294127972588353,-0.0140276198617987,3.07669159793638e-05,-2.33023349328204e-05,2.22210288037157e-05,2.86597805146751e-05,-0.0248121728461396,-0.00579142155768137,0.01619941266921,-0.0880061940423494,-0.058711434128027,-0.0442384745002011,-0.0583841143793384,-0.0503157775032645,-0.0242670169648438,-0.408923268616424,0.00221541120745674,-16644.9604292188
0,0,-0.0164245681236531,-4.13494433790119,-0.0101689991799405,-0.00362221325473906,-0.000334402850442784,-0.000724377386963752,-0.00719552820472537,-5.01929626658031e-05,-6.45615199313309e-05,1.50454512966104e-05,5.4217287482904e-06,-0.00837685071048416,-0.00465689732933997,-0.0038939138752353,-0.0229818647591935,5.89514243089434e-05,-5.39746025401962e-05,5.19176397091442e-05,4.79477634320444e-05,-0.00456666868275608,-0.0185817446309979,0.0275196716375046,-0.15452196562852,-0.0639360250266092,-0.0868804218564,-0.00329248609221221,-0.0387792548715292,0.00173574795589172,-0.0768585865724989,-0.00831689034192217,-16452.3722571804
0,0,0.117543044110129,-4.13896181279999,-0.0102654318886042,0.00430231354008752,0.00465501129003852,0.00451255099692512,-0.0417547244436796,-0.000134446143244207,-0.000125648767310617,2.15262583001711e-05,-4.74220493151467e-08,-0.0139935785392599,-0.00473131064070161,-0.0020057645256234,-0.0367748726196012,0.000133086871313359,-0.000140812915598692,0.00014183517372159,8.45370060339021e-05,0.0798726364451374,0.0291389107471319,0.0255791226354859,-0.492384767053836,-0.136596419572015,-0.256997159689603,0.119346134149016,-0.000919928191300705,0.139969793926364,-0.0838112031714201,-0.0127459724036119,-16417.8671230278
0,0,0.237699556015815,-4.11144607504965,-0.0100976618758803,0.0190032524673345,0.0138783284253043,0.0141799357399504,-0.196299615151673,-0.000282168277098679,-0.00024101235219072,3.08530439661343e-05,2.79440245278697e-06,-0.0239835701779208,-0.00470808108670386,0.00159818684614076,-0.0613109933280721,0.000269626858786343,-0.00029548545988399,0.000304764555782048,0.000158212576140409,0.0942849184113292,-0.0507331168155245,0.0301685848547923,-0.887931738833032,-0.291981887274335,-0.498347746283863,-0.07721763357631,-0.0765650891188267,0.174335869627141,-0.034664934844032,-0.00901750323214299,-16399.1278311466
0,0,0.511149168136154,-4.07585435122811,-0.00919922142815502,0.0539058916625386,0.036723242320438,0.0378032543844049,-0.976216906817741,-0.000613749330373178,-0.000504656949208263,4.00830630135767e-05,1.53719815932898e-05,-0.0454036834079967,-0.00321430867334114,0.0114491995750585,-0.117814760995729,0.000601797946419806,-0.000648750333472815,0.000682067458521385,0.000347013362015202,0.119347692257187,-0.210662574915659,0.0356509966534347,-1.49194387662199,-0.525054772375567,-0.891664155786134,-0.245509216407592,-0.194129348695522,0.162060973381266,0.0202308007398524,-0.00482818834879133,-15583.0492580847
0,0,0.511013296889916,-4.07581860986114,-0.00919682489161069,0.0539085496622369,0.0367265751120423,0.037806524943446,-0.976408153609881,-0.00061354874819403,-0.000504683188266043,4.02363873563349e-05,1.49917403086507e-05,-0.0454006881001833,-0.00321111368654764,0.0114524034067924,-0.117814782187046,0.000601849024812635,-0.000648520104462884,0.000681958702765509,0.000347055849979345,0.119279251915506,-0.210725283734984,0.0339480207831202,-1.49194239590857,-0.525112918236062,-0.891669417630846,-0.245596944029227,-0.194227437742261,0.161946312011202,0.0199248040870508,-0.0118077953220111,-15254.0941485207
0,0,0.509055214925551,-4.06562511764952,-0.008610844676262,0.0545482915690675,0.0375205346916956,0.0385970072522992,-1.01227345825728,-0.000561348519375623,-0.000513244348247355,5.51060641334672e-05,-7.82158354412353e-05,-0.0447116810106194,-0.0024788673129562,0.0121749622256932,-0.117732691145215,0.000605478415587654,-0.000601267920016155,0.000656059631827423,0.00035641379774302,0.118228415235405,-0.210860708996655,-0.0386471922376766,-1.48901335555531,-0.525034599490447,-0.890328325862101,-0.2430047542221,-0.194524834582365,0.159327647312096,0.0107219025894331,-0.000441396961075305,-15154.8141788337
0,0,0.468149973435355,-3.73967997139618,0.0107461378195513,0.0755014513159772,0.0635847367514112,0.0648328185945038,-2.14209929606437,0.00100181368768228,-0.00061007271736278,0.000791024858231554,-0.00259373094352731,-0.021972085343724,0.0212096372753186,0.0354935219942499,-0.115408134989828,0.000489590615169405,0.000573107492130753,0.00012349614518348,0.000751738091765433,0.0992967407825285,-0.213673405016628,-0.040864626732897,-1.38901399698579,-0.506941310134813,-0.843718510830872,-0.162754226733915,-0.200069713246425,0.0949885758336275,-0.319623305995346,-0.00623014880089034,-13410.2714856005
0,0,0.441182865627404,-3.71874021653882,0.019829670868084,0.083734927485824,0.0720815528048351,0.075078672601988,-2.24841766451052,0.000934297511886572,-0.000549351527526554,0.000916055757970494,-0.00272194255438186,-0.0121038064537769,0.0293304459872555,0.043341763116083,-0.120477440626122,0.000179210106102122,0.000407236694283763,0.000202697910505313,0.000749716655441918,0.0751959399875529,-0.273609874149276,-0.0377881976636167,-1.32199824793299,-0.49991239962091,-0.82116662668099,-0.160316334004979,-0.209257508917553,0.045785070937778,-0.122903440331388,-0.0131508453786083,-13289.2625119435
0,0,0.252880449717279,-3.79923414024072,0.062376665295827,0.120262732936456,0.106237512223196,0.119085314904659,-2.27090457481751,-0.0011267363254515,0.000388061947852912,0.000721149381075857,-0.0027305299742767,0.0329677775878982,0.0634695977060239,0.079065744851966,-0.153368300363561,-0.000585630458911485,-0.0012468260169684,0.000903580876992679,0.000200999882166875,-0.0611184280727815,-0.535353136372684,-0.0323398564299305,-1.01451097103729,-0.521658671241811,-0.708889357289365,-0.239440342022375,-0.292111374608824,-0.212863568212705,-0.147623218637918,-0.00168558227008911,-13178.158754065
0,0,0.189780025231665,-3.86292615846206,0.107032598975926,0.160001470599556,0.142118058159141,0.164197007527098,-2.25472261770356,-0.00362487551261083,0.000997253335060859,-0.000717445767757321,-0.00332655520636829,0.0868013063368112,0.105005672427719,0.125128510825915,-0.192923384280714,-0.00122204710821615,-0.00451011666586466,0.00251913809117181,-0.000571747851689527,-0.0334256627409856,-0.585933469371224,-0.0337657180787618,-0.731337664128857,-0.464098125268406,-0.582317409871743,-0.0761471419039377,-0.207585112977807,-0.25840775119645,-0.170567550388776,-0.00358344576421563,-13127.6007459495
0,0,0.137293309057268,-3.87191782878298,0.141404111049921,0.1929427962323,0.171202881505893,0.197474311447991,-2.2522849108267,-0.00625198067770728,0.00137323548543529,-0.00284392138959628,-0.00375422072237795,0.137518036377537,0.143738521656951,0.173191083413166,-0.231095957353894,-0.00150287661973565,-0.00832092939009036,0.00420718400808587,-0.00126514785783656,0.0232822941520683,-0.546970595508378,-0.0352843577570579,-0.577671767148925,-0.419134466475643,-0.516740840477256,-0.162548421893097,-0.155857981378289,-0.211613828359773,-0.171755999370465,-0.00422453188376468,-13108.4747495963
0,0,-0.150237861949155,-3.79852879714495,0.234317786783094,0.295909505256386,0.255686501188874,0.280343806288133,-2.21822522137336,-0.0169956307609635,0.0019241220654303,-0.0142018428432169,-0.00681410333705809,0.320649494426943,0.287720833259607,0.371729370603703,-0.386213845844555,-0.00237329204127595,-0.0223981177985415,0.0115469402434943,-0.00396583691570253,-0.0607787007484354,-0.471843570342613,-0.0334110438409096,-0.55459522852273,-0.403723540996498,-0.488202985865599,-0.133286043276469,-0.162868009317731,-0.0765356511810944,-0.161483922759049,-0.00263422296952931,-13087.6704425115
0,0,-0.308025589079603,-3.82843409253971,0.275739513652658,0.379176265371721,0.334913604724446,0.313541480797842,-2.22429565736333,-0.03455286414945,0.00214226674410892,-0.0308674078127445,-0.0135727055471396,0.480568291978694,0.418557038444125,0.634080300678883,-0.596358360081844,0.000701512123571913,-0.0360306718962022,0.0220711209735588,-0.00775976343048761,0.0800174814109613,-0.528082774730171,-0.0321276496899675,-0.660171051037602,-0.392012324805294,-0.499424232614518,-0.130539448753395,-0.0783737817561047,-0.121393460147321,-0.159270141276114,-0.00140957930819485,-13075.0220859024
0,0,0.0550306697428001,-3.82715195532242,0.187057530372834,0.623289043012563,0.710487767579473,0.236752671238315,-2.22181768862279,-0.136953598030601,0.00196073505768416,-0.123842132352429,-0.0483132117814903,0.935450562000108,0.790313504325398,2.00349395355421,-1.78195048895628,0.0358808411967827,-0.0935459076041327,0.0856115733182639,-0.0300055037881111,-0.203694639966697,-0.80470121272865,-0.0357790776730271,-0.728441145254213,-0.313889719140246,-0.561358143260509,-0.224693977541102,0.242894836333696,-0.0851894736911724,-0.192669727796144,-0.00549631609292026,-13062.8015503273
0,0,0.227481638471312,-3.79483339682283,0.110362296584922,0.711076460877072,0.918447370274898,0.190130343890853,-2.20509514881945,-0.188669459986469,0.0022141890771547,-0.170079050420294,-0.0679475553013394,1.08234788684595,0.908693620093022,2.66944892989003,-2.41025371089013,0.0579515328355811,-0.1192678505385,0.121431028276875,-0.042284496887224,-0.192244436883988,-0.721974650878016,-0.0360368050820988,-0.66742112890179,-0.394181681627299,-0.57360969321244,-0.211319506108711,0.101655707810178,-0.182799635412037,-0.187480563456553,-0.00614597933106838,-13041.4954827158
0,0,0.240862841048628,-3.8126084412103,0.0503642629267972,0.69796589974705,1.05615300926182,0.198981696743734,-2.21049859975564,-0.211790068758421,0.00257203885754667,-0.191119997815658,-0.0814750609158626,1.05447431325259,0.890996417208278,2.95698141338757,-2.77909808293002,0.0743201655387585,-0.128308334096165,0.144959733349781,-0.0500187498263986,-0.149805927187194,-0.777238869542646,-0.0373938802359805,-0.659070549925248,-0.253934599806086,-0.557477449763271,-0.192872323296985,-0.0570907454356998,-0.126827611813219,-0.192430770368974,-0.00599043446089662,-13034.1408202426
0,0,-0.127492632582323,-3.82135098185178,-0.282869978190565,0.332730818005018,1.70003056753937,0.391413380244114,-2.24721131222021,-0.281619480566536,0.00555292444568337,-0.262763407932245,-0.150915482804444,0.486502121949233,0.514297522552297,3.82608193369216,-4.47019033004696,0.164102024808898,-0.144884104918163,0.270990850400698,-0.0886970017042496,-0.1051318548665,-0.871608380331823,-0.0334288384119805,-0.629909292338718,-0.423625958997137,-0.281072048003763,-0.170452659997519,0.0222954835036901,0.0913605364952866,-0.171719345092593,-0.00440307566382769,-13012.8221519814
0,0,-0.281037479554328,-3.7636050311939,-0.380775326565158,0.150376895840058,1.85894171088151,0.468525909918235,-2.23430417760138,-0.291683108529701,0.00672046037078585,-0.284450331553041,-0.177375436685781,0.300618059966113,0.463700401840392,4.0424322529954,-5.00753738613497,0.191607461355745,-0.147315816495731,0.318877813534805,-0.102273397067464,-0.14078845724952,-0.785533096127235,-0.0314329247200542,-0.582513773420109,-0.309972222424041,-0.362474559741084,-0.169854747320313,0.12046736938833,-0.00134857198524944,-0.166117379359954,-0.00384194129500812,-13002.3294715664
0,0,-0.394226447618067,-3.74244262678746,-0.440554732689055,-0.464824475859463,1.8411326063154,0.679373734420941,-2.24971447082571,-0.229896676635978,0.0110675309459396,-0.324632206627519,-0.250713916405051,0.181011053889816,1.00262684795153,4.12866445462269,-5.85131487230496,0.214279846094179,-0.138025468155166,0.444428300221253,-0.128877055287467,-0.0813176420816763,-0.847371540719052,-0.0297488207683526,-0.407233877115129,-0.374867612504439,-0.53641593928202,-0.142089879070458,0.107707371950102,0.0788475166656687,-0.16318765136971,-0.00333443237214743,-12984.9440653377
0,0,-0.396889369681159,-3.74982427844591,-0.458851271075262,-0.640229527314498,1.85131243590877,0.775000785596201,-2.25534884413015,-0.207141709942229,0.0120036884233867,-0.332581045818836,-0.281888057428232,0.177718192449488,1.21165772227578,4.11861514669469,-6.08080441848797,0.218402981242674,-0.135261126538951,0.499735726559783,-0.137000770105466,-0.107428803058447,-0.803575487756113,-0.0290639898642294,-0.440927185903233,-0.33584347089855,-0.3956046922238,-0.14827181881457,0.0979605324984722,0.0309668703175542,-0.15739313520635,-0.00342858599135037,-12977.4964198821
0,0,-0.350290881144103,-3.62095782156779,-0.524376375998362,-0.533190225634936,2.14591876291771,0.983604813797315,-2.21672438804141,-0.180613506786547,0.0109835474935829,-0.30843492975457,-0.35967717080781,0.256122205486974,1.40567207829604,4.00353156635646,-6.08009194328614,0.218025104762784,-0.136163454336634,0.66493158305375,-0.144921208122215,-0.0705263600169896,-0.842731411428692,-0.029035510875666,-0.421515307662237,-0.336404101961614,-0.380322896952867,-0.144631896805394,0.0861074505373228,-0.0209617019321809,-0.161585337838779,-0.00384280963156693,-12967.1725106129
0,0,-0.344855805823813,-3.76048649301062,-0.661694626448559,-0.367211854713803,2.50601739221413,1.19225036770954,-2.26274104879088,-0.152512390526687,0.0108606186861169,-0.280039663097833,-0.468099356746345,0.365198014822242,1.64069278970036,3.88868617989499,-6.00898582161798,0.218745273360096,-0.137643961082526,0.892325364283952,-0.153133216251928,-0.0932248372507458,-0.788197018661237,-0.0271862047036473,-0.388342578824516,-0.346186518200814,-0.431492390775493,-0.140050466318569,0.0668881952147542,-0.0522665091750352,-0.151007041668872,-0.0040752107570777,-12953.9132590065
0,0,-0.636957164744171,-3.7328932898421,-1.40347297901297,-0.140826420926663,2.8303081245359,1.04268771776644,-2.26898382068156,-0.144599347395773,0.0225869280341126,-0.255326449217331,-0.763845136355647,0.561738636706878,2.14566516351258,4.03885464314215,-5.43577156236758,0.232421146147103,-0.140170180846992,1.49135198103708,-0.161304893578221,-0.0543390392972261,-0.747747720173789,-0.022112777949279,-0.229081725898319,-0.300469553650769,-0.334016191730055,-0.106781007205274,0.0725896552291261,-0.065561147918947,-0.133021841920669,-0.00288642292012904,-12929.1089524064
0,0,-0.761290860395846,-3.77808838637618,-0.42770192377744,-0.0939830970617356,2.8268021861212,1.30865452929895,-2.30492917800721,-0.195599011761633,0.0913457940501894,-0.26585344434632,-1.05295254521375,0.104041626818142,2.4567133827449,5.15607627688113,-4.34230380122284,0.288243065345997,-0.118157589218882,3.14564683279591,-0.166965172069598,-0.0385655477679315,-0.68327954725076,-0.0162525731470853,-0.149498136384541,-0.280625228359941,-0.25627350114464,-0.0836843955669613,0.0283981839636971,-0.143056466970633,-0.112122807657953,-0.0029363188835509,-12909.2430605969
0,0,-0.7822260455033,-3.78908071298465,-0.35194437034533,-0.172781587525413,2.67467170461433,1.61143545156897,-2.32224366328033,-0.234540567020978,0.125576602783397,-0.287392149625969,-1.07954320234796,0.370046111319296,2.2882172842934,5.43933625257185,-4.1544002257501,0.259054072134846,-0.112633607646292,3.88591248600244,-0.17263194406391,-0.0277100191203282,-0.67183368307266,-0.0145339199035874,-0.11794866483554,-0.280455076221297,-0.253437385505313,-0.0751158756041302,0.00552345180348756,-0.165435016551283,-0.107548660424697,-0.0029991062075178,-12899.9087592382
0,0,-0.847037044579451,-3.78591366741069,-0.332388901546233,0.0888250752467224,2.76131374609369,1.32793413696187,-2.3554954820641,-0.27036851769986,0.250639460503146,-0.301875847329246,-1.26399226126098,0.614057117998884,2.39262383227852,5.44404169334838,-4.58357223061218,0.278421248366516,-0.028941023928586,4.46915550797382,-0.16471520431785,-0.0151097558272929,-0.667244936546639,-0.0118528981058774,-0.110459473620195,-0.273754545443684,-0.231330228847396,-0.070177092627003,-0.0013675968666929,-0.165525836283103,-0.105242632815542,-0.00293440528846826,-12890.5743956841
0,0,-1.01837634807125,-3.8039464446633,-2.32016051150183,-0.144334943600332,4.4678736228979,2.80850831104967,-2.57289110035172,-0.785279437788435,1.63490568973211,-0.441195962474458,-0.27302897816962,1.68651491720098,4.07903573843627,8.11063029118968,-5.85993319861094,0.327873770330891,0.763270574712496,4.98346242799564,0.389974320464829,0.0549570928883639,-0.642708513455655,0.00533906773369886,-0.178849250315033,-0.310126451195611,-0.27021276716146,-0.0458941089926356,-0.101468022255168,-0.201204511013475,-0.112923701352335,-0.00401926791333616,-12880.3369768781
0,0,-1.05184836714325,-3.80181530800743,-2.16055371277353,-0.598337452325326,5.61655690322474,1.73122861303525,-2.59162904450826,0.0631013860251661,0.739199332333731,-0.664147980742777,1.10126143658298,1.56283323609187,4.66289845989655,7.50752534157387,-5.54797029124253,0.588427255706254,0.0176820922826526,7.55262923579513,0.571728759012644,0.0313373101256451,-0.690658835043037,0.00326788481605426,-0.152448379969468,-0.261956095185976,-0.216104803176323,-0.0528856257911725,0.00282969476018265,-0.174665849485434,-0.126735371469421,-0.00382271815282785,-12864.8553803947
0,0,-0.882007358017939,-3.81182198185228,-1.5913255805849,-0.35589608825607,4.45580166431805,1.91486522411641,-2.58532428570583,0.24500543624372,0.217798453522646,-0.495755712648362,0.280041437352238,1.4860634372455,3.92185605200199,7.34002673139889,-5.28483058838852,1.15843192990201,-0.414158861309621,6.82463082492881,0.47762497979181,0.00914123543039178,-0.72844218116185,-0.0022409790331094,-0.115125345053371,-0.280370144340274,-0.24073525049267,-0.0678764764421187,0.0193835440847463,-0.158925273445797,-0.13075539871075,-0.00453641057959401,-12858.3651885069
0,0,-0.831592847214232,-3.81657571682452,-1.41086510179966,-0.170835645842226,3.85856849580956,1.91734738144615,-2.63297708470887,0.325635210020503,0.355589784676015,-0.468476992998258,0.661694297261716,1.51296589721408,3.707971539239,7.37116831361991,-5.32449628813608,2.52875473744974,-0.941669837264174,6.77528459963627,0.551831163347794,0.00697582720534824,-0.74004803039681,-0.00410714523145023,-0.121298947799613,-0.291003798696249,-0.257190551726029,-0.072750397744629,0.0190355982936188,-0.146590880127369,-0.131891511171628,-0.00439075912424885,-12854.0430800336
0,0,-0.806669366876174,-3.82383674053336,-1.33450769547982,-0.147329704451379,3.54748260085607,1.87125445303434,-2.69266175176797,0.428382635325226,0.379986410509838,-0.455847430869536,1.25261295717768,1.69980713359384,3.59172919049698,7.47343839592202,-5.36056032953083,4.04937145323377,-1.02862263059423,6.8530295549098,0.715090780022753,0.00817120737920098,-0.74512917966541,-0.00484271279142214,-0.135007114270345,-0.299083693089742,-0.2685315021375,-0.0768355638046091,0.0157072488536256,-0.139831310569492,-0.132162887941212,-0.00417433900770365,-12852.4249084821
0,0,-0.83423113063462,-3.84198007913723,-1.47891361779767,-0.314682660612179,3.69557240854402,1.6416600709032,-2.82741308102262,0.362997833807111,0.692752157756514,-0.564479050624031,2.70044340389546,2.20865191011634,3.77172836347406,7.89829609302013,-5.56673946085933,4.3578342142905,-0.955025140653789,7.28353800839722,1.29301220739423,0.0206954741099096,-0.735416511631539,-0.00365549263945107,-0.177725395068148,-0.303672972396403,-0.283234601889291,-0.0802148896719618,0.00564959604422849,-0.139065385684124,-0.13283821239364,-0.00351748245971416,-12850.1598425309
0,0,-0.858606477151055,-3.8643667136313,-2.14455610183543,-1.29013494258071,4.85973246090448,2.01117314127825,-2.95919519382677,0.159529898794735,0.92758087250248,-0.603992183408969,1.08591449698387,2.78205830841465,4.36530821747419,8.64881661695138,-5.61169147271979,4.37708591607473,-1.01904722704715,8.25239166645269,2.41035935040015,0.0209273247849353,-0.716359426005101,-0.000695818889314756,-0.243627610179684,-0.317374778845528,-0.332817957441138,-0.0855313615298071,-0.0185660297539335,-0.158468723085043,-0.134350304705827,-0.00291744204529255,-12848.6123800743
0,0,-0.860510677459333,-3.87344197421712,-1.86477777704545,-0.817121036355073,4.34426823941403,1.79700027673438,-2.89252461699346,0.0691879365984358,0.49430172795471,-0.357782334189175,1.07607702498316,2.38906864317895,4.06974791946521,7.98390419677336,-5.43728909772931,4.15466587420932,-1.13158937963698,7.756165961025,2.47806590227062,0.0208180502328706,-0.733591799393314,-0.00287286926190396,-0.17044389075163,-0.295497550529939,-0.273075092335939,-0.0752128892945777,0.0016387507661936,-0.15549018240214,-0.131663836870927,-0.00326096139955112,-12845.0685687821
0,0,-0.856829366085664,-3.87878334688882,-1.73194401368634,-0.748201966561745,4.12897716830466,1.62702571752558,-2.9029569870701,0.350595270662738,0.338409952278035,-0.331918593153571,1.23790518344372,2.42827888248681,3.83542692200202,7.73799551796565,-5.19073216887805,4.57932758960737,-1.23579699605435,7.28222889110715,2.81403262617146,0.0214900609895527,-0.734176816854384,-0.00395942800295566,-0.161485026696057,-0.287422478054805,-0.258401291393366,-0.070924752711036,-0.000121585166131836,-0.162690082938937,-0.129871316111521,-0.00316461479551513,-12844.4146674324
0,0,-0.864405149807429,-3.88179852656971,-1.75094807651951,-0.61843097866023,3.99632970746018,1.58681220972637,-2.93406075410022,0.237775109351281,0.363568376930444,-0.326020341008772,1.40995028790611,2.39432019712617,3.84274958782483,7.6308199306799,-5.06430922364893,4.4145181820396,-1.0881545740594,7.01507685585232,3.27786878485853,0.022521789198178,-0.729161983905295,-0.00411706434961154,-0.167105734851621,-0.285748238012577,-0.259030538789656,-0.0692335173596215,-0.00809879714677498,-0.167840429337368,-0.128785883934603,-0.00297985408212565,-12843.5889759698
0,0,-0.865455185071837,-3.88332153516173,-1.79658614513548,-0.612259412472202,3.99199937495809,1.58085345819334,-2.95463443588437,0.168871987929845,0.450536705474408,-0.299988138460923,1.49665402674751,2.38290945825124,3.89007889808548,7.60354584629548,-5.03696955930029,4.44395738603349,-1.08575930871056,7.08672301735972,3.54637013714313,0.0226397756789469,-0.72853442375735,-0.00409752096033685,-0.169746138628722,-0.286507890360305,-0.261970086031617,-0.0691257443999014,-0.0108849179693179,-0.16872152155178,-0.128893916706511,-0.00291246829047033,-12843.5661026434
0,0,-0.866021669156405,-3.88374566838764,-1.861104673597,-0.640456003783999,4.04406614147379,1.59886036605971,-2.97014822272071,0.103974584248059,0.571119723666513,-0.271876200363749,1.54367139711104,2.35894230277074,3.96566682873413,7.60606041520317,-5.00536602965166,4.43576333538232,-1.04749475392458,7.25181026454543,3.51833234235548,0.0219453789438496,-0.728370481276278,-0.00395766365886523,-0.172067780259917,-0.288121746552185,-0.265770963304758,-0.0695311898746453,-0.0122544642496165,-0.168386413479697,-0.129304371854262,-0.00289179032556115,-12843.4110519421
0,0,-0.866386976333296,-3.88496412946139,-1.86649351366616,-0.684642084026419,4.09297252096335,1.58293908718496,-2.97695712503392,0.157950445217298,0.629301135873885,-0.239431101189376,1.55004575371928,2.379954718712,3.96262227156714,7.62589219491994,-4.99596968202453,4.38326654489569,-1.08512519865656,7.28629236005174,3.5046578636163,0.0213151540606088,-0.728075066283322,-0.00383147149301617,-0.171205522419723,-0.288163638017732,-0.266250324511135,-0.069433160747653,-0.0121015262730399,-0.169184774610978,-0.129645500628704,-0.00290229989224924,-12843.3172753872
0,0,-0.865379082728426,-3.88651494487238,-1.86313874968547,-0.725277925031052,4.1321675172938,1.56982694780342,-2.98214226667273,0.204924461408083,0.637487254125586,-0.214602738657432,1.52019844644932,2.40755118485929,3.94837775760265,7.64191830164285,-4.99578465078373,4.37809897590634,-1.14089735328963,7.27849249329852,3.45234409431089,0.0205674196845516,-0.728282287679091,-0.00369563222402127,-0.169256054949795,-0.288236208554336,-0.266615736658316,-0.0693245872578573,-0.0118937382082074,-0.16965532201532,-0.130044466057019,-0.00293824579045846,-12843.2821065004
0,0,-0.85983974923162,-3.89194810081828,-1.83752002328221,-0.786052047227424,4.17849780132485,1.52735645467012,-3.00398753725084,0.296900429905273,0.610814728436445,-0.0606182859236339,1.58985292860048,2.42913894572815,3.89988430994006,7.65394053495787,-4.99768745611708,4.45318609521483,-1.0926321697372,7.22373437576254,3.3573187360439,0.0177740031851616,-0.729118002129866,-0.00344791537588569,-0.159941780564414,-0.287430799683983,-0.265288025916091,-0.0683587601520953,-0.0117703510837851,-0.169962119977558,-0.131202723991977,-0.00309113515099849,-12843.1534486837
0,0,-0.856834377672593,-3.89509326891655,-1.82522035604027,-0.814819449464107,4.19562596165426,1.50837753182676,-3.01675952594972,0.370255581807657,0.578880424799857,0.015146310407242,1.65078416803479,2.43348247386441,3.86981109058187,7.65651974745042,-4.99942511793452,4.49079888723865,-1.0905003280459,7.18733281502105,3.29152604181692,0.0163410968268978,-0.729584667261116,-0.00331487768042276,-0.155040047819919,-0.286931141786712,-0.264456136571253,-0.0678182385904978,-0.0117746472652602,-0.170180602024764,-0.131875186671433,-0.00317041329183738,-12843.0527521729
0,0,-0.85683334749442,-3.89509326587562,-1.82522026796688,-0.814819219308156,4.19562597631642,1.50837758083477,-3.01675978806725,0.370255430238977,0.578880503491708,0.0151464662546495,1.65078573887311,2.43348256925595,3.86981909811,7.65652798837647,-4.99941698613369,4.4907981129584,-1.09048864129203,7.18731821691214,3.29152041322607,0.016341852961831,-0.729584005370663,-0.00331461821963158,-0.15504027836238,-0.286930486492304,-0.264456152366803,-0.0678170580123827,-0.0117737513880631,-0.170179816077576,-0.131872880517626,-0.00309324426887139,-12843.046659768
0,0,-0.85686906804356,-3.89510898064364,-1.82521035147701,-0.814788721137527,4.19562483696111,1.50838141968781,-3.01679396428307,0.370234184637649,0.578891315338654,0.0151686867457686,1.65100575508602,2.43349523985112,3.87095944918473,7.65770246945411,-4.99825710497935,4.49068833725702,-1.08882244149639,7.18523682910251,3.29071670757178,0.0163652053743709,-0.729563493816765,-0.0047790274145704,-0.155123594021356,-0.286924162895247,-0.26448982720919,-0.067814364392006,-0.0117921162869423,-0.170199764908794,-0.131902204908759,-0.00286597942281152,-12842.9484215802
0,0,-0.856882555379672,-3.89513800766647,-1.825195491509,-0.814742485716091,4.1956237209512,1.50838737523573,-3.01683601163478,0.370202402667487,0.578907460075894,0.0152034868951733,1.65134226802611,2.43351473087176,3.87202520415481,7.65882210703871,-4.99716007154378,4.49052055314695,-1.08721134884936,7.18324797554165,3.28996488127002,0.0164265933412998,-0.72952955079725,-0.00314897658351492,-0.155220593779664,-0.286884525609068,-0.264524921304745,-0.0678124209492877,-0.0118100703484017,-0.17020123725298,-0.131996870501369,-0.0030767039236314,-12842.9195990274
0,0,-0.859012844955612,-3.89805446752797,-1.82417954883167,-0.811444923373322,4.1955491340796,1.50903784392628,-3.01850036776824,0.367865824692498,0.58012248454755,0.017794843096079,1.67672523339135,2.43507582070367,3.86783531243519,7.65882028750473,-4.99889917707696,4.47779677391923,-1.08263370673576,7.18225994195014,3.29288410918449,0.0203156068686597,-0.727052404491804,-0.00310210413273578,-0.163295122821568,-0.285005335192751,-0.267473799762302,-0.0677801195827154,-0.0133446639684984,-0.17122207233156,-0.136243207010482,-0.00288359018756144,-12842.8477266446
0,0,-0.862728250060283,-3.90474985004112,-1.82180758580945,-0.803617841661263,4.19516293461763,1.50935035296829,-3.02267631798602,0.362061123062207,0.583382708753651,0.024547993503869,1.74011247991668,2.43761688535825,3.85731176159718,7.65864529024168,-5.00320302703252,4.44816103580482,-1.07092773897953,7.17974423822244,3.30020923665086,0.0294787558573646,-0.722714457217042,-0.0028346442577925,-0.17994212792936,-0.28001741263003,-0.273527798516382,-0.0663456751480483,-0.0155540861971028,-0.1733361969379,-0.125320620247707,-0.00322111854649266,-12842.7504083893
0,0,-0.864465676183543,-3.90266513818143,-1.82039754885967,-0.801307755372855,4.19379536506899,1.50605285864348,-3.02901740253498,0.35834894404704,0.588429680167875,0.0326712297732132,1.78211759996532,2.43141397490755,3.84875992493655,7.6560543663367,-5.00635730490181,4.4377256803419,-1.05965677288044,7.17802603061,3.30624952335651,0.0206827228495975,-0.730086460095299,-0.00274062384679184,-0.169828166524817,-0.286769790441198,-0.268518004708036,-0.0717933722291252,-0.0134969673215329,-0.176353504838192,-0.12573410254416,-0.00299094292572389,-12842.6979351294
0,0,-0.863405488686966,-3.90192056150666,-1.81945934583765,-0.800620668703172,4.19407427693931,1.5061261100367,-3.03041634923123,0.357793231800627,0.589692665355182,0.0349553329660319,1.78799893800867,2.4294339765806,3.84687843818077,7.65521645664,-5.00700810252908,4.43655675115732,-1.05701336254047,7.17765877570285,3.3075971614872,0.0201557110770529,-0.729860737317876,-0.00281049000012309,-0.167403417469386,-0.286744245968945,-0.26719256925846,-0.0687443236696283,-0.0116407261963742,-0.174829004272041,-0.126481028034939,-0.00307986287114436,-12842.682269591
0,0,-0.862020013789105,-3.90156506364912,-1.8126741123626,-0.796095893441286,4.19846213632974,1.51047742617878,-3.03301463281337,0.355532376480656,0.594146536641067,0.0453494763824458,1.79475656776212,2.42053421565469,3.83991707252508,7.65152112667887,-5.00919597911552,4.43508444030314,-1.04707746923165,7.17620648755938,3.3125686198818,0.0208219018823963,-0.727392260923604,-0.00294460404336601,-0.163319908183408,-0.28349438083654,-0.266818091767648,-0.0720565232452546,-0.010934755877749,-0.17077464533235,-0.126891948134967,-0.00315270733361057,-12842.6520367101
0,0,-0.864976429740328,-3.90455504741581,-1.79415172071083,-0.784300280732874,4.21009683338492,1.52316304364177,-3.03388844566838,0.350460537467922,0.60785951742053,0.076821578311227,1.80751448238315,2.39366441021637,3.81961106277653,7.64066967106159,-5.01509312441288,4.43268136949537,-1.01893431812659,7.17159238581675,3.32686246040175,0.016186492150978,-0.728441199265974,-0.00287608704838058,-0.161265776925818,-0.28319982197195,-0.268536344068967,-0.0666429697917664,-0.0156307264367603,-0.172892121959513,-0.127119387200091,-0.00306576928791981,-12842.5912937361
0,0,-0.864512661091178,-3.90028887473428,-1.7919564842124,-0.783686360789968,4.20952570396063,1.52580896118504,-3.03258590499578,0.350502240676502,0.614865315897348,0.090331949878091,1.80968219080227,2.38384949047137,3.81162113218968,7.63778592723917,-5.01576230954756,4.43034180998938,-1.01250539897041,7.16857694568567,3.33068156898666,0.0199900425371919,-0.727767949852254,-0.00285018520006142,-0.164948822092168,-0.288915726604081,-0.267083752418808,-0.0675068435557334,-0.012394549420592,-0.173758235172069,-0.126992269352037,-0.00308171573707077,-12842.5712730221
0,0,-0.863291568321502,-3.89726916977529,-1.79372106080469,-0.785955479092015,4.20422557840471,1.52716540683302,-3.02890708329112,0.350878065941094,0.623921463006885,0.106670439237425,1.8110054296265,2.37331597769036,3.80170961405586,7.63584306393618,-5.01512031230511,4.42575379584175,-1.00915415831503,7.16408146088987,3.33261007345562,0.0202395615679069,-0.730201364922963,-0.00289884394877268,-0.167143083621043,-0.28539250440389,-0.267466643526519,-0.0680920079848457,-0.0112527347857481,-0.17347042916056,-0.12747611333888,-0.00309084752334477,-12842.5492548764
0,0,-0.864189937459383,-3.88842253162799,-1.80778521797426,-0.798666400936513,4.16155163796316,1.54429842593903,-3.04890158893133,0.332642098652523,0.677270936691492,0.208144717418286,1.80638316308054,2.31400932050065,3.7319997242283,7.63121868018925,-5.00697261785288,4.38068368386423,-1.00609807756396,7.13127288166666,3.32778410803674,0.0177267084144428,-0.714925221973199,-0.00290734537022356,-0.160333108651514,-0.284695808351879,-0.276511480620529,-0.0644372055896368,-0.0242931487501923,-0.178133521418867,-0.125927017522504,-0.00303182499018677,-12842.4979450022
0,0,-0.863117490940802,-3.8987118724527,-1.81044250345476,-0.801379597316499,4.1479175037543,1.54960963293575,-3.05054341566504,0.320540060560054,0.690961402644102,0.237795270642224,1.80381881120008,2.29678336956533,3.71179241869574,7.62943111714343,-5.00500264460257,4.3662977488523,-1.00685014528356,7.12050781076084,3.32486866292737,0.0189668783383167,-0.715316307306845,-0.00297959923372562,-0.158032476398822,-0.288212647343087,-0.275137296879652,-0.0645236224182256,-0.0229143998032723,-0.175236455174395,-0.126041756936058,-0.00305850162967088,-12842.4755595132
0,0,-0.862422213564033,-3.89870544010653,-1.80907247206277,-0.800952657643374,4.14283459915805,1.55143349393784,-3.05459719865489,0.314596475713203,0.694116328116445,0.247864578462661,1.8004584141847,2.2927987234525,3.70812036082859,7.62656185925399,-5.00503564834986,4.35705635905151,-1.00605239338311,7.11791556085034,3.3237658341623,0.0177540690105897,-0.719749700530703,-0.0030003323411969,-0.159557317891151,-0.288078850008429,-0.273525028647224,-0.0644084945591841,-0.020692074199244,-0.174050555397079,-0.125910988675197,-0.00307599685503257,-12842.4666218001
0,0,-0.863278138391176,-3.89574436182254,-1.8004945655036,-0.797513807982631,4.12792031030484,1.54479611532477,-3.0544424117023,0.301145716924231,0.689434044354569,0.258386981780489,1.79802368652263,2.27903555572075,3.7080532911272,7.61319720183587,-5.00438759352494,4.35011492486347,-1.00608601324376,7.11316476149086,3.31782128671367,0.0200239098087294,-0.719189034956076,-0.00305596723143359,-0.159835121583558,-0.283834361378317,-0.272258265663844,-0.0640534144179664,-0.0168690818819215,-0.180345345952725,-0.126858317277748,-0.00306032825763885,-12842.4513032119
0,0,-0.863432426632627,-3.89238873648408,-1.79308895012443,-0.79431726117049,4.11493577888027,1.5383425858072,-3.052006100443,0.292605975979816,0.684269195856876,0.266422070403771,1.79649908755872,2.26781783634373,3.70916104936109,7.60027733099573,-5.00382368852612,4.3442455878799,-1.00597243958813,7.10930331697934,3.31203502723024,0.0185768654348332,-0.718166370343319,-0.00307923063426325,-0.161575340898157,-0.284544768349235,-0.273487661129073,-0.0636863049175072,-0.0182345084256366,-0.177171262196219,-0.127187765733827,-0.00304803920335096,-12842.4362024401
0,0,-0.861403879207663,-3.89052851510278,-1.77853238328013,-0.784362259728329,4.08756667492157,1.53154664812441,-3.04236953545356,0.296737469805162,0.669348932837663,0.282182610168415,1.78968704096626,2.25696144764923,3.711377656347,7.56574381340427,-5.00655676856891,4.32280304924181,-1.00353711231625,7.0956775615696,3.30159004847268,0.0268336500537659,-0.719996310413376,-0.00328549946813984,-0.150118788689248,-0.287667695476705,-0.273033555522982,-0.0622719267223308,-0.0245853737488306,-0.177237551000996,-0.128232935173584,-0.00303025547789516,-12842.4329667635
0,0,-0.855627866335644,-3.89596134627437,-1.75992957104338,-0.768768519600673,4.05275670747575,1.526813651587,-3.04264681725901,0.315965324832156,0.642799234907073,0.297635355453159,1.78163123218318,2.24242264806849,3.70497949614152,7.51833303212006,-5.01365569287276,4.30489215233753,-1.00732199994814,7.06300759762415,3.29031285183863,0.0191393966988208,-0.717025449105961,-0.00342780354018377,-0.149897466287637,-0.288698744954234,-0.271988176761578,-0.064414986676767,-0.0164460798558803,-0.179043335903078,-0.128935800230134,-0.00308212552108437,-12842.4026853375
0,0,-0.855139971524553,-3.89689061420009,-1.753105466403,-0.762993877904785,4.03931268906388,1.52495454813834,-3.04701511398126,0.322806346560075,0.631273262782443,0.302138798982186,1.77935401893471,2.23527051363794,3.69981118243819,7.49922646753091,-5.01650578724086,4.30197846213771,-1.01042767652601,7.04701261730703,3.28623025546512,0.0215257191430893,-0.721553545683464,-0.00351173104131514,-0.151123500587531,-0.288233455367282,-0.269727578282499,-0.0644316184600368,-0.0174198620983746,-0.177392723283303,-0.12965140546727,-0.00305117407510759,-12842.3874778325
0,0,-0.859462525840691,-3.89267504116718,-1.75252540997525,-0.764638031048057,4.03281549517877,1.52770542968399,-3.04484165579186,0.317215423578959,0.625152201857829,0.302449870040432,1.77660162260749,2.2380235070288,3.69127128915681,7.47901432243644,-5.01718599955108,4.3008753964228,-1.00955633063764,7.03084873641296,3.28692071932348,0.021325244124463,-0.72304405382996,-0.0035137077146962,-0.150374645890234,-0.287963682092425,-0.27213850957284,-0.0642837130112389,-0.0149461875619086,-0.175043576631797,-0.129722524198754,-0.00303057158095743,-12842.3768468592
0,0,-0.85877275650317,-3.89179099711106,-1.75678539926405,-0.772882510993441,4.02260654269819,1.52694629130481,-3.04528328391275,0.30621079357345,0.620311787810975,0.305851593653977,1.7716677956534,2.24531784593592,3.67955596207831,7.43367839250779,-5.01448609331632,4.30067714338537,-1.00166923403533,7.00591383760361,3.28824161821395,0.0187709687015296,-0.718828228812581,-0.00358287826070989,-0.155966639940157,-0.285147887804814,-0.259252513355224,-0.0652102573422853,-0.0202613781184461,-0.173534596791665,-0.12964163095826,-0.00300491001917212,-12842.369910971
0,0,-0.84973400596998,-3.89605255610616,-1.76178893248363,-0.779098481804867,4.01846167738053,1.51880654394598,-3.05290219773842,0.299223997431611,0.620747720681589,0.310075558852585,1.76846805988876,2.24924043555812,3.67224880918602,7.39673981727924,-5.00837801169399,4.30248981185229,-0.993651571687398,6.99136736701731,3.2868683854518,0.0208523144070597,-0.72125898988762,-0.00368248336729654,-0.15910250373408,-0.28588444328585,-0.267329984655631,-0.0661933471749851,-0.0200800545472797,-0.174280642559272,-0.130664135254966,-0.00303198326410214,-12842.3648626593
0,0,-0.838578602899,-3.8912744651507,-1.76128718809036,-0.756348959753928,4.03715934154745,1.48156627552051,-3.05157148347545,0.289158359720509,0.620717514360995,0.313829762810213,1.75926876434658,2.25182107856901,3.63694660548725,7.36427214876602,-4.9912103555311,4.28841140199671,-0.994503808382539,6.96628487054968,3.27694915610748,0.0188337400688306,-0.724915916045648,-0.00384844552064532,-0.161522282811585,-0.286322199543563,-0.267261109672303,-0.0663155888119342,-0.019890756868611,-0.175486592117497,-0.132574780621361,-0.00306211662965747,-12842.362264974
0,0,-0.846114542335697,-3.89279876909889,-1.75854486097891,-0.75517167991252,4.03784526239193,1.4741299008151,-3.05328985646272,0.290329277070659,0.622840096810795,0.315054610566021,1.75771280438895,2.25060039539904,3.63413679157292,7.35983066728065,-4.98936590057102,4.28522188495303,-0.994298322307505,6.96307827213565,3.27786792661903,0.0191192297876288,-0.724473477478379,-0.00380203532623636,-0.161335548643391,-0.285623273757034,-0.267104434802838,-0.0662516484147988,-0.0174416125405516,-0.173269948733595,-0.132550722025816,-0.00301100767694989,-12842.3585583968
0,0,-0.846769271450491,-3.89257014701615,-1.72644295777378,-0.765112802383361,4.027257200939,1.47781706940598,-3.05353954711453,0.290760347455439,0.629823985129366,0.312146444853689,1.7601638157015,2.23890321144892,3.63332842899104,7.36025955014855,-4.99100285966931,4.27502286129924,-1.00383769387193,6.94990552517567,3.28950599462379,0.0181249728058842,-0.724875547084196,-0.00377227003185945,-0.160567592978815,-0.286142198120803,-0.268920299076934,-0.0663477658371553,-0.0173341465140071,-0.172080052831425,-0.1322222072794,-0.00301510140722383,-12842.347803179
0,0,-0.849164985404808,-3.89197143896204,-1.72098620401967,-0.766744592575864,4.02660552103226,1.48428696941186,-3.05308818358852,0.291888767011961,0.630176489495357,0.311739593492997,1.76238880417663,2.23519305840756,3.63426798319817,7.35854368081653,-4.9877835808902,4.27373746961647,-1.00718416641065,6.95052693032255,3.28490338251235,0.0178955763394423,-0.725608942635297,-0.00374438745758104,-0.160740446029323,-0.285796025603121,-0.268389417968124,-0.0663988238862435,-0.0158466053248707,-0.171750816749763,-0.131966014145108,-0.00300954682248025,-12842.3452202347
0,0,-0.852466603432099,-3.89164896625395,-1.72669574379833,-0.763341220838268,4.02413796370767,1.49408478375568,-3.05250896447918,0.289713739473651,0.618823493343639,0.314176965344781,1.76425848115593,2.22740039133911,3.64342810420541,7.35900097856881,-4.98646355597506,4.27098918017257,-1.01306690675743,6.94998042972206,3.29042606758141,0.0177305585416144,-0.724897246001055,-0.00369645028833169,-0.16003185497808,-0.285680002079496,-0.26894436224826,-0.0662461978107361,-0.0147123392055121,-0.17129072148874,-0.13155891817976,-0.00300502014888363,-12842.3413754135
0,0,-0.854331464067834,-3.89111786460119,-1.72608389357188,-0.763128582578271,4.02071485295399,1.4977226520764,-3.05228865367758,0.286175009405965,0.613878017634638,0.320516375728649,1.7657560467941,2.22913197521467,3.64652026417299,7.36307541781086,-4.98992920761808,4.27277776500486,-1.0146307031326,6.95164288343867,3.28869761151465,0.0179520913724912,-0.724521485427921,-0.00366788243991004,-0.160477718758889,-0.285420355807924,-0.269341200837846,-0.0662457515259008,-0.0142798473722081,-0.1709863662174,-0.131434897520277,-0.00299528969219906,-12842.3398543961
0,0,-0.856056904786091,-3.89172866404052,-1.72719019820595,-0.767186761949904,4.01832147914562,1.50321767502527,-3.05237442931564,0.282642605033946,0.605505529065807,0.318409001886454,1.7656625471842,2.22650227897986,3.64558755319702,7.36874831255171,-4.98819610737202,4.27056646695799,-1.01161789571231,6.9572516554133,3.29018482654322,0.0183510115894759,-0.724444307307261,-0.00363953936115029,-0.161161226871992,-0.285217746864208,-0.269313174743475,-0.0665353527286208,-0.0133963604501697,-0.170524568154113,-0.13122764423904,-0.00299003611333292,-12842.3384818064
0,0,-0.857856282692346,-3.89202732013767,-1.72725754493363,-0.771527094715666,4.02330625037157,1.50820712803371,-3.05191169863727,0.277424105064904,0.602491160591191,0.319051771845372,1.76717359047822,2.22132463409094,3.65088613583581,7.36943080858671,-4.98648612014553,4.26576762989869,-1.01707546632922,6.95659022031477,3.29262755815545,0.0185194127257353,-0.723992136884671,-0.00361595592612282,-0.160790178759574,-0.285082362605821,-0.269248067631608,-0.066485182041008,-0.0130913702135233,-0.170385368489428,-0.131065113983434,-0.00298396819574431,-12842.337514033
0,0,-0.862151008557521,-3.89026172049115,-1.7416988350389,-0.763601729361623,4.02261749928469,1.53100458807417,-3.05147915398557,0.257873739769155,0.595813444090847,0.32961490137834,1.77408106162274,2.21705035387456,3.65461097482717,7.36995914145396,-4.99184625483383,4.26466825899259,-1.01243708941936,6.96060996074277,3.29222338356747,0.0186033842773422,-0.72361446383114,-0.00354976986311501,-0.160779545184643,-0.284788417027461,-0.26995948602931,-0.0667553690644666,-0.0119080632312748,-0.169428702855593,-0.130631044823347,-0.00296775721755363,-12842.3359462507
0,0,-0.861478557392512,-3.89084151166626,-1.73341802059792,-0.772732922041393,4.02739720005279,1.53684557418714,-3.05122706730444,0.250745299791405,0.584468050545399,0.34010249359429,1.77722032454517,2.22411788507849,3.64954533690658,7.371407503305,-4.98547411310017,4.26161674403682,-1.01090267967594,6.9642013196636,3.29181466238938,0.0183577908849974,-0.723321714803387,-0.00355527557080356,-0.160521945567539,-0.28510029850078,-0.269933971769498,-0.0665812449072611,-0.012329312739328,-0.169630051217355,-0.130754081951787,-0.00296904896143272,-12842.3331840414
0,0,-0.861478505191538,-3.89084150930871,-1.73341801428219,-0.772732904261237,4.02739722590609,1.53684565379537,-3.05122709368646,0.250745321493456,0.584468057901369,0.340102497746531,1.77722031161053,2.22411799225292,3.64954530927182,7.37140745406098,-4.98547416620487,4.26161656502227,-1.010902727246,6.96420140720622,3.29181469654902,0.0183577945438871,-0.723321753801564,-0.00355521764757633,-0.160521953133018,-0.28510029653562,-0.269933941843248,-0.0665812166549788,-0.0123293506472886,-0.169630063731717,-0.130754311229702,-0.00296968034831912,-12842.3331834533
0,0,-0.861472511911042,-3.89083488127093,-1.73341557744266,-0.772731567654284,4.0274501044051,1.53686922348013,-3.05125808172232,0.250745492060455,0.58446837246485,0.340102557445711,1.77721519588115,2.22418429569178,3.64949959997906,7.3710735455918,-4.98563905532892,4.26121035725128,-1.01090880112361,6.9647317070245,3.29186098842693,0.0183577949379689,-0.72332397745262,-0.00355521739605342,-0.160521966222321,-0.285100216597011,-0.269933649699301,-0.0665811947651923,-0.0123293511788849,-0.169630076519217,-0.130754748739681,-0.00296968023849845,-12842.3331676641
