"asc_A","asc_B","asc_C","mu_Tax","mu_Sound","mu_Smell","mu_Colour","mu_Deadwood","sig_Tax","sig_Sound","sig_Smell","sig_Colour","sig_Deadwood","mu_Sound2","mu_Smell2","mu_Colour2","mu_Deadwood2","sig_Sound2","sig_Smell2","sig_Colour2","sig_Deadwood2","logLike"
0,0,0,-3,0,0,0,0,0,0,0,0,0,0,0,0,0,0,0,0,0,-19947.3307435342
0,0,0,-3,0,0,0,0,0,0,0,0,0,0,0,0,0,0,0,0,0,-19947.3307435342
0,0,-1.19683805054125,-4.91740029892533,-0.0258708953925159,-0.0237647728992223,-0.0206294595643578,-0.0196042884957032,-0.00301162854613463,-3.17015742018149e-05,-9.53904244804803e-05,1.01445117563031e-05,-6.98118599906524e-06,-0.0249481862015973,-0.0223926699744385,-0.0214388879722982,-0.0343636787687827,6.86687542864157e-05,-6.15730406680316e-05,3.13829690696691e-06,6.01573983924276e-05,-17450.284048726
0,0,0.287413983729521,-6.24235075017661,-0.0448334131788466,-0.0381290030879232,-0.0346428835569501,-0.0323624220595321,-0.0111697241588679,-9.05598910457568e-05,-0.00020460819577441,3.22607801013694e-05,-1.70089620693418e-05,-0.0471771022540142,-0.0401413510925105,-0.037286809828594,-0.0662855009639143,0.000160652880654483,-0.00014412944155744,4.46364496478493e-05,0.000122386490682923,-17279.0047535982
0,0,-0.549243512423248,-5.23661438091976,-0.796161212164782,0.499632839701043,-0.458602898529157,-0.203489389656114,-2.60438308584041,-0.0163196689180213,-0.0200371991059517,0.00655198165263841,-0.00233058403367994,-2.78835751059852,-1.58080842888353,-0.998279177110466,-3.85313452834227,0.0204199860392544,-0.0181379957164548,0.016366287879194,0.00946402063520237,-14774.953582211
0,0,-0.760353249059722,-5.0024080235649,-0.819899980285074,0.76223018227698,-0.476073401238786,0.0458269195924069,-3.6928284449757,-0.0195323212364426,-0.0254776855431713,0.00688413519949315,-0.00868679496000913,-3.04188341666374,-1.65826881303783,-1.02245142099559,-4.7609496189804,0.0413406090484668,-0.0293577619999738,0.024343063852309,0.0125460069410984,-14592.1691425739
0,0,-2.08273422068233,-3.68979242759753,-0.215940271501931,2.67367442726494,-0.916701277879029,3.26176698773747,-2.10667232766896,-0.151148238749929,-0.0301582665801029,0.00977999694424401,-0.184697633649346,-0.837605815162746,1.00147955525199,0.829730453458264,-9.58300281334345,0.484729904247177,-0.0833331869857127,-0.0342926646812238,0.0063124222868743,-13481.3986431995
0,0,-2.20882404198412,-3.57372310490206,-0.504455050140949,2.62594744353947,-1.20589915824595,3.05121561666936,-2.12357390459944,-0.187997547013923,-0.0248343533203174,0.0114984289923598,-0.222634703303006,-0.856832068766245,1.65357865805073,1.62158406308858,-9.08267214403188,0.537003663904971,-0.063966420204899,-0.0426206574713984,0.00363239389432146,-13300.9479057858
0,0,-2.21739124939916,-3.55960202035169,-1.16564856542034,2.37928089994512,-0.814402288429361,2.46395602675516,-2.21411041896481,-0.296336810741007,0.0190864790178585,-0.0109732807054086,-0.34849920206774,-0.0688030551624516,1.42221461546721,1.70152957598174,-9.09087970685114,0.736003739608833,-0.139913635410916,-0.095343250381455,-0.00772544276811643,-13257.8225257396
0,0,-2.1678862298298,-3.66539934938931,-0.260697617722453,0.21340870876731,4.77287243509806,-0.814842634813449,-2.55807130174633,-0.412970311979089,0.499495430158659,-0.285816341679895,-1.26433348351873,1.59738022399741,0.925220065588128,1.71003340125353,-7.84826769701906,5.26638887373704,-0.458197742549973,-0.482650307060938,-0.208354625176444,-13162.321239991
0,0,-2.15346773013662,-3.66961007147812,-0.206231333096085,-0.663352995160374,4.62388160707895,-0.816423808421538,-2.70219052284933,-0.432742144167193,0.8168452192622,-0.444448589395068,-1.45913733539781,1.7487529777302,1.03114733075343,1.61290580907983,-7.94384181928912,5.90883144296968,-0.402731407602075,-0.576266514842934,-0.230248163896781,-13125.6841423865
0,0,-2.12546548733785,-3.69090020155627,-0.229868299353485,-1.60246795594334,4.2525067408085,-0.276863599465897,-2.85355466537026,-0.660090813566878,1.40355069634308,-1.01881043487773,-1.99151112495436,1.94905865311639,0.303962887110077,1.91724845401844,-7.69165612521844,7.14065237369691,-0.0950297267305305,-0.516721184712104,-0.358984545537118,-13088.5947998256
0,0,-2.06523994809442,-3.75507657014471,-0.129930145882822,-1.15740659394812,2.7869858283989,0.0797301050043888,-3.05844526890184,0.949486639055009,1.93277265902732,-2.31200534229886,-2.4030578542038,2.33416107304202,-0.282577233434981,1.14402185201311,-6.70317531690374,8.20623314904942,-0.645499994553982,-0.373426819123065,-0.325687791373186,-13067.3230106954
0,0,-2.00582379205056,-3.81999519780307,0.399270975116183,0.335149660942068,1.06769242200688,-0.327360104035439,-3.26403803821438,0.6608692352662,1.88931829926101,-2.47374035263015,-3.09703007741074,2.38483563112852,-0.246129951177118,0.646226716958276,-6.4480697295173,8.60992512234262,0.008478485667893,-0.967743719164408,-0.500658811861114,-13051.3745979585
0,0,-1.94629315328406,-3.88797705131936,0.267212065482394,1.21517226077043,0.260573339424682,0.369239772084263,-3.36267522237298,0.702595082764148,1.09909422954659,-1.81994903534466,-2.05266594052546,1.91026811929829,-0.358191041132134,0.845207682558566,-6.27406579604535,8.06578978087883,0.761097693655333,-1.26201885223137,-0.350328402824242,-13027.6435362614
0,0,-1.89595385487174,-3.94224561369064,0.420634410951659,1.58367098304484,-0.197122472040758,0.8177645842106,-3.40124683620436,0.281594523764896,0.395589841898356,-0.67931692530947,-1.91531140318124,1.16921659328424,-0.340555402626987,1.89063194017364,-6.65040610741671,7.02179844853713,-0.278525200395233,-0.530285832220645,0.125194663746145,-13017.5496123604
0,0,-1.88474648220667,-3.95329346360673,0.285138719996236,-0.958644251210944,1.76842502591361,0.609685176060535,-3.28837968005284,0.380764858006006,-1.00381363429905,-0.722874567408988,-2.29350727605802,0.947489344782201,1.30891980959219,1.88857908103769,-6.32144008628905,4.32826199779078,1.41325768737985,2.16658762664394,-0.267134317465043,-12989.2321226268
0,0,-1.88468683226832,-3.95362587420053,0.297469073442756,-1.00393681447983,1.81897122518972,0.580255498831173,-3.28371252864512,0.405581888685007,-0.964097360774292,-0.708302051192217,-2.2853928352265,0.94165959602454,1.35313687066404,1.91861216854114,-6.32779422378894,4.20362695039984,1.49637806698006,2.30648415636439,-0.280434106198972,-12988.3757879069
0,0,-1.96007911196996,-3.87659678755045,0.338511718535844,-0.932204017954445,1.45497440464722,-0.530275082126319,-3.29818456218429,1.34281747646765,-0.785789769255364,0.538652714183247,-0.83400357781976,1.7137471957656,1.24271330166593,3.24137588689365,-6.43987867505753,5.59109091499459,1.16675758936881,2.82304817261422,-0.23239966960055,-12973.4662781507
0,0,-2.01900085315916,-3.82986032223735,0.192658013710811,-0.576940528733941,1.23282555750302,-0.823554032243075,-3.33684308355645,0.630272478528902,-0.525066387626138,0.982097206153251,0.563592707186441,2.33737463436525,1.38264418195801,3.11829367012818,-5.61978673265678,6.41771431374412,0.354525216084324,3.95880029665899,0.0630274971269114,-12970.7954357716
0,0,-2.07175613271031,-3.79724227171379,-0.127237653450711,-0.173761387421069,1.72630938463181,-0.572979283223083,-3.33861780421284,-0.042638765944667,0.518029459945629,0.250052073445754,1.05192471075766,2.48276575633333,1.44182244531507,3.28732106809166,-4.91452824950422,6.44278036936868,-0.592164620994899,3.30153906993706,0.447811036140292,-12956.8140525152
0,0,-2.06907361091093,-3.80862128463963,-0.58323157824467,0.154250951993009,1.85478194755933,-0.0195898702524245,-3.32217397386811,-0.0831066097115449,0.706244908141839,0.654469824942716,0.741649770618981,2.24060243557928,1.62134541337725,3.25640206609875,-4.57442304001738,5.92664353693624,-0.841916340973891,2.73540660845951,0.840901729703269,-12948.8353261361
0,0,-1.98185074499016,-3.90062556901055,-0.851126407495792,0.0983098040095162,1.7265800118871,0.922991486748968,-3.40990704424966,0.589070580120257,-1.28176222284079,0.620289234345419,-1.24827108659388,1.69281240250964,1.66814299177787,3.63907311073874,-4.65446100633111,5.14089275736476,-0.015670197199613,3.63350853220781,1.73340148383487,-12941.2743280527
0,0,-1.97001241325558,-3.91298842693994,-0.78873442213882,0.101696091656256,1.68813818430596,0.865193273209265,-3.41353270791405,0.456033916988719,-1.55833538972218,0.25226872982703,-1.00942920936765,1.63532736566318,1.71430253218458,3.92928236542856,-4.79467737794851,4.92206348233811,-0.044508946763103,3.63241341091673,1.92614039656331,-12940.011082092
0,0,-1.99651542392838,-3.89439930857187,-1.23937984819351,0.058198135057751,2.38825733029122,0.802939914037663,-3.35462662568993,0.542146837029103,-1.3458193190442,0.235664255737045,-0.889647737523324,1.76793826790572,2.06808679736374,4.26820145790561,-4.67527239088996,5.00827364629769,-0.35200035994744,3.82120791293623,1.88155637531219,-12935.5811680511
0,0,-2.02546327835492,-3.87875010656815,-1.8109623526516,-0.122003564320802,3.38045986378639,0.839306494466576,-3.26464333713822,0.681748856144016,-1.89998933655511,-0.113075526988071,-1.05939645861197,1.87939232667539,2.62946788039897,4.99095279701179,-4.54672152188418,4.48686855812317,-0.689186478319567,4.31764192525119,1.96177311827369,-12932.6565762688
0,0,-2.03049252287714,-3.87987057830592,-1.66065412617235,-0.319587323704255,3.52511960045225,0.838165578679013,-3.24741526408534,0.672466065811314,-1.94175492189702,-0.000146323999538109,-1.07159807711205,2.06949896924932,2.53665961027319,5.08118453624167,-4.30106476440603,4.20261697251416,-0.770806650832945,4.3078995614906,2.14411180549307,-12931.0533632159
0,0,-2.03978165717388,-3.88979723798163,-1.25292612802248,-0.862661745401961,4.04465025091011,0.770215644271147,-3.1861870207559,0.738859667045317,-2.08435754047052,0.10580686321819,-1.18787455131506,2.59944677471678,2.41859958335713,5.45588926902161,-3.6925774374704,3.33191979855494,-0.777471530184419,4.36100819652844,3.56303833790321,-12929.0083026817
0,0,-2.02580667487539,-3.9113262224689,-1.41665441024855,-0.868184121472068,4.18538545343012,1.0409364614839,-3.15455258264864,0.302332643200953,-1.50472739659725,0.341853921597365,-0.974329098453673,2.53218293766905,2.74797433666836,5.41969437492312,-3.52480915950038,3.51388268813814,-0.714942239286814,4.61338947919537,4.46864842634527,-12926.3195391932
0,0,-2.01300058369283,-3.92138905265846,-1.51614365446979,-0.506596323502786,3.77898313899325,1.25282473777688,-3.16946525042005,0.246208118456895,-1.27261571068512,0.400089670180705,-0.76688692909079,2.19491229400774,3.03944072008073,5.54688001318162,-3.90052174772438,3.86887444597664,-0.555345480397663,4.75778677412423,3.41025142776081,-12923.2732866392
0,0,-2.02249425359014,-3.91079160674411,-1.58399732585172,-0.0795593479790369,3.41617606167932,1.34479202127829,-3.1640946422657,0.372303066466891,-1.38057092636566,0.317827971300704,-1.03246183858177,2.04364901497411,3.07411858192163,6.00997660971208,-4.28890088293242,4.28498875216255,-0.469396221513844,4.89070373624094,3.50263266947367,-12921.7935413583
0,0,-2.05419888900269,-3.89028596152422,-1.68285167521778,-0.122308039152487,3.71507727061208,1.44594985930667,-3.08089984129571,0.316262786035529,-1.54854364634214,0.33639203741051,-1.09952207684477,2.21811996543773,3.30431797578604,6.68242510702129,-4.25985239237192,4.12350841559121,-0.551842036703076,5.27708726110378,4.46729294254088,-12921.3584481981
0,0,-2.05366182105259,-3.88799265088239,-1.53531530091138,-0.140103103851393,3.56356862509352,1.38576478277469,-3.09916232023254,0.306202139018721,-1.42199967764183,0.3869974320986,-1.05170323617295,2.27146913007525,3.2114479082156,6.59949614570714,-4.35889191661603,4.44138567050093,-0.290436862884002,5.30516246879228,4.04943847341843,-12920.5313290996
0,0,-2.04237598059136,-3.90093163277623,-1.48775343823643,-0.275881300689312,3.72136769558404,1.3678451465666,-3.10045095366272,0.394335354569826,-1.37956228649575,0.445757881222501,-1.17689798385834,2.36404994638886,3.20595357643588,6.46198384920024,-4.26723698148851,4.22614730246353,-0.240577704476062,5.22026128655801,3.38309479134591,-12920.2062792918
0,0,-2.04570935263708,-3.8998839911033,-1.47356284660699,-0.284988961836927,3.7406545203271,1.42761388030972,-3.08262623359133,0.407497646601944,-1.35336419765913,0.524132883461181,-1.24188854050851,2.43171395653906,3.22179165203383,6.63834284109799,-4.3073597420218,4.24229334484471,-0.162022605693983,5.30390594827904,3.56287660476585,-12919.7062969031
0,0,-2.04975634468874,-3.89917205870631,-1.45979124386099,-0.303364888930154,3.77989325490827,1.52420054569984,-3.05777917442531,0.424024032573875,-1.30475102270156,0.647521918460452,-1.36671704685362,2.5292050377491,3.23973191133358,6.86406342232534,-4.34434465050607,4.24554587913017,-0.0454797941162437,5.40555566758126,3.86420000933052,-12919.2634220759
0,0,-2.0544404036001,-3.89495160626459,-1.49907570026747,-0.361457171523598,3.88793651450641,1.54088902530101,-3.04246844188819,0.363283738016476,-1.18765750324529,0.745817760735182,-1.37729911908555,2.61766051793945,3.2927337720339,6.96048740710498,-4.3898078620665,4.33033807279583,0.0540375729599066,5.48610500855742,4.21100554670701,-12919.1888725568
0,0,-2.05422179706466,-3.89404165261101,-1.54283007176689,-0.422188536698172,3.98815859974824,1.53783851154125,-3.04074647304959,0.330287197541662,-1.06468308753515,0.777978748105396,-1.38774702022172,2.65686035869074,3.34796071604992,6.9069219205139,-4.41696790787942,4.3465687664721,0.0854334983297931,5.49876302974499,4.06439515183195,-12918.8117744379
0,0,-2.05822858734553,-3.88726735429385,-1.70752320838524,-0.563962018990769,4.25837795966869,1.58509725609931,-3.03431031059893,0.184254352409656,-0.607015519881648,0.898454735248273,-1.44150075687705,2.80635773449421,3.55219176880291,6.88170593347883,-4.54273440862323,4.52072592757189,0.249749307107799,5.62686331465956,4.02223459198997,-12918.5360396909
0,0,-2.05855242304529,-3.88546954394975,-1.74500577173368,-0.504261971443611,4.1925862093392,1.60160952510807,-3.04693451131356,0.169559299722789,-0.607688185367845,0.839144129510209,-1.45319681356364,2.77386035038479,3.56710624919313,6.89367769106531,-4.57670798841585,4.57556450696971,0.221901501593068,5.65178833086409,3.98666869663742,-12918.4555701575
0,0,-2.05687724192785,-3.88527374337838,-1.70953343766987,-0.467795780953135,4.06201962384661,1.58321184877771,-3.06638061869232,0.18229015261301,-0.655854203829967,0.759336825613478,-1.43964398016551,2.74835327963109,3.50326922706252,6.8856929993717,-4.57057224416437,4.61069443492011,0.19725286323723,5.63514303220193,3.98679887482163,-12918.4106025715
0,0,-2.04972484946813,-3.88466506518801,-1.71448229318168,-0.471407748512583,4.05767531726379,1.58742164369634,-3.06016571119114,0.182511514323145,-0.655883581633404,0.759792071821273,-1.43305666347423,2.75751073907094,3.50490426635668,6.88876537134055,-4.56974090310094,4.60111728664574,0.199485239997215,5.63164026032775,3.98646007815658,-12918.4025258125
0,0,-2.05211879556558,-3.88470892307862,-1.71688326858156,-0.473146784129837,4.05555267764473,1.58842752408729,-3.05747518486867,0.182617409654924,-0.655868275358803,0.759973662417159,-1.43064092885261,2.76089125401793,3.50541902669555,6.88996931753671,-4.56933595358694,4.59754786062669,0.200544283565912,5.63060249455126,3.98623637432483,-12918.3907467213
0,0,-2.05330734300814,-3.86695276463576,-1.73974796522123,-0.489142017900352,4.03656072211736,1.57371265578425,-3.05591929669088,0.183544367394711,-0.653787294386388,0.759551883411464,-1.42025048099622,2.76780846485116,3.50224254235795,6.89257572583804,-4.564218913282,4.59120777897516,0.212568806921741,5.64806050739376,3.9806738873886,-12918.3889419556
0,0,-2.05248594601681,-3.86842653693189,-1.74666346448335,-0.49422698092936,4.03088933261347,1.56705763610382,-3.05546600531255,0.183752575184523,-0.65295353471218,0.759162113796651,-1.41775892753972,2.76725920655876,3.50215842559285,6.89603579273862,-4.56231531469992,4.59181931841496,0.217223326544559,5.64862997149477,3.97802230558955,-12918.3802734823
0,0,-2.05260460377266,-3.86986228515234,-1.74910675576029,-0.496501657196609,4.02904910327751,1.56538211465631,-3.06019037832504,0.18365545365852,-0.652073179024301,0.758150282760131,-1.41558406344332,2.76758907451893,3.50164175798072,6.8982833188599,-4.56173506092812,4.59042114189808,0.220293439923564,5.64880585909831,3.97589459257391,-12918.3769389321
0,0,-2.05238264015497,-3.87363766746666,-1.75036318803342,-0.498218967002427,4.02826513195323,1.5645332534011,-3.0620777624525,0.183430603914222,-0.650987384336376,0.756736640359787,-1.41350930786898,2.76746081533003,3.49971088370932,6.89888539392462,-4.56253290731712,4.58874511082334,0.223156099189874,5.65169812045018,3.97486984714682,-12918.3748713535
0,0,-2.05344320162026,-3.87326948309357,-1.74183138482187,-0.510974821139647,4.03783100684749,1.5550559397155,-3.05603916102292,0.177513241620777,-0.629468119900567,0.726419726042627,-1.39489299027171,2.74491473018363,3.47681483153578,6.92218552597418,-4.58309775684462,4.57021482395139,0.258745420511504,5.65305260546381,3.96006446333689,-12918.3719097058
0,0,-2.05318268523398,-3.88251056725051,-1.72366033041928,-0.539965073890419,4.04290867679512,1.52507492113102,-3.04958433965534,0.166931962303216,-0.581016180759671,0.668985849490535,-1.39194725177936,2.7106651911294,3.49204302605247,6.94996417129427,-4.61212514374317,4.51684832765218,0.255544543048116,5.66523958883232,3.926967843573,-12918.3468715719
0,0,-2.0530513155018,-3.88400942708711,-1.72410471618996,-0.548126336068421,4.04007509875482,1.51983657519891,-3.05163388233311,0.164388368544941,-0.563624752428788,0.654938828044821,-1.3937092803388,2.70433504138087,3.49710788782368,6.95143537189208,-4.62584808204465,4.50799678466187,0.256137347249046,5.66316624841911,3.93393593414068,-12918.338996424
0,0,-2.05418604633705,-3.90907055514141,-1.8121221674895,-0.635159992279009,3.99183367828856,1.57202984193919,-3.06033153424729,0.0931213308200487,-0.097062650259622,0.405744326616716,-1.37668011014687,2.63865065708466,3.48483430774282,6.91648941755889,-4.65611346019561,4.5083621949564,0.165014548257887,5.61163772925974,3.96866693919061,-12918.1104849834
0,0,-2.05437557531061,-3.91311711033956,-1.82511657083338,-0.648278559132557,3.98420160452197,1.58014374632822,-3.0611855379479,0.0808562210433904,-0.0198610580278344,0.365324767022496,-1.37481805779632,2.62857869970183,3.48581608519285,6.90959240409023,-4.66080321033968,4.50800743090956,0.154275017113232,5.60407331667585,3.97247436333363,-12918.0719978118
0,0,-2.04697764591355,-3.90789748110992,-1.82392989442183,-0.647128977166354,3.98488531530289,1.5803659068741,-3.06240924910279,0.0801433040645409,-0.0181778505017755,0.364897879144953,-1.37491788158528,2.6292960117152,3.48536198520572,6.90761903999202,-4.6605821464073,4.50745034680672,0.155137626817792,5.60856681931117,3.97250603981706,-12918.0262256791
0,0,-2.05491838331933,-3.88160549096603,-1.81608919452738,-0.639285801385552,3.98854822976255,1.58030969303307,-3.06608030844129,0.0747033220260484,-0.00536047346903944,0.361932836937215,-1.37584840964366,2.63396443464458,3.48216687506494,6.89318832943111,-4.65869681400007,4.50348070886521,0.16215101624057,5.64063688446351,3.97257374416185,-12917.969392566
0,0,-2.05406505088785,-3.8785997796236,-1.79032734919863,-0.612618254796429,3.99740675155091,1.5724807908946,-3.03197624012136,0.0529648905575804,0.0454585440896839,0.353152915770818,-1.38101141475581,2.64602969512545,3.50197356056532,6.88885388663271,-4.64622719609447,4.49550900493094,0.196415002101098,5.65379160316113,3.96459477472697,-12917.8529790271
0,0,-2.05685103966962,-3.86730219357535,-1.76174578809462,-0.58278139278713,4.00768844920079,1.56491178313729,-3.02385679820922,0.0274013315807541,0.10479893752445,0.341963947663622,-1.38572733660986,2.66284242349265,3.53073291376916,6.89262072254114,-4.62987735887058,4.48139769693945,0.232191268114873,5.65311702995673,3.95202776940013,-12917.7512605171
0,0,-2.05230560758836,-3.91839237989104,-1.71103755852154,-0.518674874169346,4.02787888996095,1.54611399621043,-3.05626813148201,-0.0401036208061494,0.258609769637839,0.310791183969877,-1.39143878220344,2.68853887636287,3.55000275378752,6.89308171789071,-4.59981381274008,4.47138429958045,0.302165564432866,5.68560594979927,3.93250731737078,-12917.6529568204
0,0,-2.05400225989673,-3.91613470301463,-1.69121859403674,-0.385473715480174,4.00017395885163,1.43952703185793,-3.07993019434406,-0.348700217712963,0.958521624154178,0.16621679071326,-1.41182984355533,2.71703827403654,3.4165633718796,7.00336559304674,-4.48684024991126,4.57252919840447,0.481398286127912,5.68863266016048,3.88782133559117,-12917.1464339859
0,0,-2.05334836754737,-3.91940418194286,-1.69396233769227,-0.369804175599803,3.97736022190964,1.42296134652764,-3.08323477474039,-0.437894885840821,1.14340562313073,0.130506404799401,-1.41745905698671,2.73829676537453,3.39682562594671,7.0222967169853,-4.47192889470335,4.58287806859346,0.520790493624953,5.69239848574819,3.88487683732013,-12917.0422404961
0,0,-2.05827576027699,-3.90749264612103,-1.64959823360194,-0.341726517609088,3.95845278136186,1.50849754569764,-3.08495046903297,-0.540296567978863,1.22862990530217,0.0189839326774092,-1.42071344954105,2.73265414123635,3.38547471715776,7.02018836850381,-4.5426639620187,4.63582053401316,0.57876849592564,5.66414547783219,3.93864960148026,-12916.9316562186
0,0,-2.05964256325616,-3.89909995471103,-1.63105747202677,-0.301701286162246,3.87340260490343,1.55435155625638,-3.07868830315095,-0.726586034541895,1.25366612116358,-0.248753477927549,-1.52570902268883,2.72386387735599,3.44312722365106,7.01862983671724,-4.59353616443763,4.71002529922338,0.584264642057156,5.6714104928824,3.96904000198129,-12916.5330868369
0,0,-2.05947925921997,-3.89966379444057,-1.63354494589963,-0.295003638561416,3.86740646559571,1.5700543893497,-3.06989970540228,-0.738621175749841,1.2437850449546,-0.288873028051759,-1.51333469763531,2.73642566145046,3.44716956009621,7.02251976302162,-4.59311930767096,4.70421123764558,0.566363734128314,5.67508883017125,3.9721206131275,-12916.49454702
0,0,-2.05921110616679,-3.89949377328461,-1.63598377832532,-0.298866902292663,3.84699580714861,1.6013531861717,-3.060142172005,-0.757535801677033,1.22312427708382,-0.331826387049112,-1.47086772579955,2.74917357015882,3.46945549616206,7.01791016479961,-4.57778510818054,4.73077592485869,0.55152623754384,5.68513493246117,3.96071633116128,-12916.4276009243
0,0,-2.05898617986965,-3.89989609637537,-1.64311386622731,-0.301853354499462,3.84427653349136,1.60836418671763,-3.05822052693789,-0.746329071252792,1.22227908363187,-0.357943992159858,-1.46921250709567,2.7601031276847,3.47119743167327,7.01161763073866,-4.57617996829547,4.73879558501881,0.558761387335073,5.68564404808639,3.96102918867995,-12916.3988963825
0,0,-2.05796993748575,-3.89658535634527,-1.68685600489391,-0.303275532233319,3.8615195301787,1.58350103276776,-3.05704778942126,-0.664132467111472,1.1609421468651,-0.345096628545107,-1.51251611250044,2.81292449572678,3.47099743417901,6.96506339577214,-4.61210118198295,4.76497026064886,0.58309477913939,5.67478234545732,4.00280522631733,-12916.2787527314
0,0,-2.05772540300749,-3.89697773135687,-1.6333431465109,-0.321407901339205,3.86872381343511,1.57496376824984,-3.04901225949424,-0.630324279130748,1.13371924362684,-0.376217228106736,-1.55149959180036,2.82128456716209,3.44044958327004,6.95026185939384,-4.60063919803393,4.76153726620838,0.555271080739923,5.66863573904882,4.07800915893376,-12916.1535431603
0,0,-2.05610192564286,-3.89764800668661,-1.54908135916645,-0.368373032943774,3.86851159414961,1.5327644847446,-3.0398391433068,-0.576352636098329,1.05748017145336,-0.43620054590362,-1.60037771988694,2.82970446799514,3.37004340017153,6.93967835316888,-4.56454836393789,4.72342489501519,0.568492891147602,5.66409811151405,4.25207303348189,-12916.0886371781
0,0,-2.05548711963707,-3.89816491428856,-1.54625970560965,-0.395540868709544,3.87671733101353,1.51866702936673,-3.0427184705605,-0.546571109819079,1.04513655394816,-0.454950369600247,-1.59929507505681,2.80862052071969,3.37178178420979,6.91421334830234,-4.55281299113988,4.71084489683161,0.574401396155088,5.66123303667604,4.31209121708776,-12916.0331434108
0,0,-2.05483125446878,-3.90050412793953,-1.54812748764975,-0.417736441392173,3.88035976955245,1.52158790463753,-3.04544240667682,-0.525831826620551,1.02135955103922,-0.46433647325745,-1.6099323374275,2.79720163930133,3.35449244378655,6.88967032138492,-4.53381048955847,4.68954338190249,0.592393277458382,5.65752336694348,4.37202973100425,-12915.9700252386
0,0,-2.04837207980551,-3.92864922600846,-1.51678060228659,-0.663244743679963,3.89106424984911,1.57037927798827,-3.06619630902862,-0.364784476344063,0.960081686892306,-0.45277816635812,-1.6452966405354,2.59188004141321,3.24284661291412,6.83487745640449,-4.46044961642763,4.44119997754081,0.819411013756004,5.71104515336998,4.24131793151058,-12915.8785849961
0,0,-2.04883282982209,-3.91900148634691,-1.52160910331429,-0.437320743352043,3.69737231752443,1.40986801793129,-3.09137496387453,-0.41934424687256,1.01912833100742,-0.529228844918202,-1.41067965862864,2.5777880473851,3.29257768194799,6.98201918444017,-4.59249322829699,4.4373837023487,0.91404051368943,5.85146779763538,4.19684055990429,-12915.611261539
0,0,-2.05015735190804,-3.91709457672252,-1.54798102406106,-0.418405160962742,3.73274933874091,1.42135336066713,-3.08968324350917,-0.4789488778118,1.02750333595606,-0.541346288190363,-1.39755223317359,2.62269014854455,3.30406892969298,6.98046205275044,-4.56433065403113,4.4677704304196,0.920471144169176,5.86018988054359,4.19512712267637,-12915.5596304595
0,0,-2.05838321186661,-3.90523814227268,-1.54262287924775,-0.479519063878011,3.84358276274937,1.59301740818506,-3.08502156920641,-0.553852364417487,1.07152957076033,-0.447687907892986,-1.55020967065165,2.82784874213891,3.41687434520455,7.09643885170327,-4.36782099259263,4.64673145589695,0.938376932462076,5.95004039617099,4.31712270466931,-12915.4752744718
0,0,-2.06060542458829,-3.89604946529956,-1.59101811782502,-0.474400706885022,3.9969928045904,1.5632140007323,-3.06494789407779,-0.661123441676478,1.10270964912276,-0.451908399494668,-1.53888243236071,2.72046807679415,3.44727609730598,7.0810874846457,-4.46230892246467,4.60244815049928,0.938786114211001,5.95293892598491,4.28782162857107,-12915.4285552843
0,0,-2.05679965485927,-3.90382338579968,-1.58547592298588,-0.46392326925604,3.84826339587607,1.52198257052482,-3.07398104810152,-0.582103764848861,1.04127626123073,-0.469215380709843,-1.50097139886649,2.71662660639677,3.42874823717421,7.06774114190738,-4.55179185206217,4.58121667585113,0.961697013689913,5.96003341966868,4.24662308154062,-12915.3630294527
0,0,-2.0568333274461,-3.90476684517358,-1.59123268168947,-0.446952871664008,3.83418269307601,1.5352772732937,-3.07435011034683,-0.583831888466731,1.04035737298845,-0.463433562824904,-1.51439260146506,2.72622880858744,3.42845566778999,7.06682853454066,-4.54457830485026,4.58580473386023,0.963984998564921,5.96095082363435,4.25178304952059,-12915.3441778312
0,0,-2.05715352637797,-3.90483426073588,-1.5928936585176,-0.448630585959516,3.84017642668612,1.54456497568272,-3.07629225676415,-0.586308637221196,1.04716418053758,-0.441291300592949,-1.52881151231865,2.72749137487721,3.43818756970243,7.06799142214006,-4.52874503422941,4.59062999087222,0.968657518996486,5.96774224513123,4.26409368170005,-12915.3407780091
0,0,-2.05752607468099,-3.90520663845754,-1.58201158997676,-0.439334118921063,3.84325038190915,1.53943321636788,-3.07867916390576,-0.587818411492708,1.06255775036726,-0.418360035563062,-1.53839341631825,2.74439717815542,3.44105800330594,7.06754459720176,-4.51555044967071,4.60102067400013,0.972033917264457,5.96932153429866,4.27801119381174,-12915.3334831264
0,0,-2.05791332162752,-3.90450926957026,-1.57425716366779,-0.443493890900994,3.86206363872019,1.5271801027566,-3.07711919607877,-0.604885807022773,1.07881071728985,-0.422022000531299,-1.52623410071293,2.75541516287769,3.43856770567651,7.08968800154738,-4.53863814015418,4.60074793774182,0.987582527569746,5.98459030339313,4.26724216039846,-12915.3298250924
0,0,-2.05742401538652,-3.90464576350876,-1.57643980046181,-0.447790714304401,3.86000297010602,1.52573164333505,-3.07782241357522,-0.603075989203105,1.07645056621953,-0.413727905138205,-1.52664588316046,2.74532759295752,3.43534087853534,7.07990258392689,-4.53642466440413,4.59309611016567,0.983063831533214,5.97359938115447,4.27397083642418,-12915.3266082791
0,0,-2.05661449612595,-3.90581507379914,-1.58399278694967,-0.435456096523994,3.8393610979282,1.53243484859829,-3.07961167955617,-0.592344007846138,1.07690411808739,-0.401401692189107,-1.52892005125149,2.71629554869036,3.43358248941298,7.06480225996297,-4.52569847346763,4.56861140346968,0.995697245085544,5.96828023775836,4.27119933896066,-12915.3237877583
0,0,-2.05690456939329,-3.90488791178548,-1.57424135030005,-0.442381721048062,3.84158686956361,1.52137161014967,-3.07987342153511,-0.601659117840495,1.07659970959092,-0.396239048547175,-1.52750856645144,2.72476789187145,3.44009502426993,7.06442654468386,-4.52600310105938,4.56981962457776,1.01124642361454,5.9688590285078,4.27899173740275,-12915.3187545636
0,0,-2.05738655256372,-3.90444631776931,-1.56985556902704,-0.455589268381285,3.85630799698141,1.51340350509347,-3.07939461347208,-0.597695782020805,1.07816824948466,-0.400971319808372,-1.52368258309513,2.72699185487059,3.4456762057333,7.07500150224401,-4.53510679429196,4.56406886511759,1.03462556115834,5.97211635552165,4.2804598079236,-12915.3172129996
0,0,-2.05769659915929,-3.90436166139161,-1.57219657694632,-0.453411052499444,3.86011311921941,1.5168189167727,-3.07883073523528,-0.599436018513951,1.07453983298313,-0.413101502897451,-1.52438728537139,2.72985515640211,3.44952208263119,7.08011554957747,-4.53424566269909,4.57201569449147,1.03000453846429,5.97479387890247,4.27926106357953,-12915.3149384181
0,0,-2.05768973801188,-3.90438324461514,-1.57730854824721,-0.447857437715753,3.85812206710507,1.52168436879705,-3.07893496540008,-0.596731843722131,1.07425427863823,-0.413319664987484,-1.52744995990831,2.72657473947102,3.45596804745153,7.0755768476611,-4.52938340365505,4.57178583609598,1.03673843533718,5.97367334049403,4.28308854013614,-12915.3138295082
0,0,-2.05779339127529,-3.90434785490845,-1.5794590641278,-0.44766528657425,3.85968322011734,1.52499423974452,-3.07862726558379,-0.591421725737642,1.07393558449881,-0.414903288132665,-1.52993363247659,2.72545509606696,3.46360627989087,7.07276866643679,-4.52891711278352,4.57140974609257,1.05058645034452,5.97156188698099,4.28304187641781,-12915.3128948382
0,0,-2.05791693954033,-3.90420673638246,-1.58388083643424,-0.44589458057665,3.86177688281674,1.52870368170934,-3.0779670423428,-0.590999617932378,1.07546225469567,-0.414224071988932,-1.53000139903503,2.72633433148546,3.47033439502941,7.07232724469001,-4.53165061868902,4.57538923226636,1.05241096566126,5.96980427429062,4.28196907053543,-12915.3125099327
0,0,-2.05808782299951,-3.90419077707915,-1.58574363758784,-0.447029384518443,3.86624395890998,1.52962399516919,-3.07763900406293,-0.592780801500309,1.07724247851825,-0.412574515464184,-1.52999775058673,2.72921060423304,3.47467607101547,7.07528882534598,-4.5347069189262,4.57882550207632,1.05652751409196,5.97011514609626,4.28275284941431,-12915.3123251279
0,0,-2.05809559634883,-3.90419381225132,-1.58573888547121,-0.447019412587794,3.86625097101979,1.52962957289062,-3.07763502204172,-0.592781272325965,1.07723104345831,-0.412563918255207,-1.52997802524901,2.72917769486474,3.47463282356278,7.07530348542943,-4.53471316984484,4.57888916260392,1.05655376778798,5.97008968954072,4.28276110808846,-12915.3123211565
0,0,-2.05892618098369,-3.90001205292366,-1.58526757357052,-0.446875447688547,3.86667241420332,1.52969975825422,-3.07612665466708,-0.592724848460604,1.07663390432965,-0.412515877336809,-1.52911019420673,2.73261182486878,3.47446370931255,7.12450042682,-4.53506351732354,4.57670645696582,1.05563000808833,5.90819631295657,4.28731494817096,-12915.2821794296
0,0,-2.05849621014003,-3.90322286740184,-1.58527761712725,-0.446884250373522,3.8668076836742,1.52965663965226,-3.07549507714439,-0.592728507352329,1.07668108595519,-0.41252039829082,-1.52925185538579,2.72753264747015,3.47097175428236,7.1338971414679,-4.53554081120567,4.60007766363655,1.05623994576125,5.88208908426664,4.2872111614647,-12915.2443437763
0,0,-2.05816975556687,-3.90457888980522,-1.58527742854768,-0.446892296399021,3.86698928330954,1.52980017730133,-3.07591097243412,-0.592732616474051,1.07672568965551,-0.412525483511382,-1.52942393486245,2.7282661638832,3.47477629081191,7.1372867329177,-4.53625011598813,4.59725814381737,1.05642065679343,5.86433804617318,4.28700586609185,-12915.2323553721
0,0,-2.05780550743586,-3.9118385293245,-1.58527493295549,-0.446926779492302,3.86847734031738,1.53042946300166,-3.07468420868602,-0.592753213489573,1.07694160369823,-0.412549782747813,-1.53014832877034,2.72857179504562,3.47855899139336,7.10849433005782,-4.5413265692714,4.59818724441148,1.05740810127344,5.85310553547426,4.28781590601243,-12915.2234782277
0,0,-2.05453867736379,-3.90524937296498,-1.58520710470859,-0.447039479522134,3.8745765266442,1.53279449062762,-3.081285537939,-0.592825714292416,1.0776883784364,-0.412643239122422,-1.53265475977253,2.72907812517084,3.49082517059802,7.00762432852742,-4.55784890707403,4.60522166154341,1.06103518111803,5.81474602188986,4.28952757509641,-12915.2157906947
0,0,-2.05629195180311,-3.90395286176927,-1.5853549721847,-0.447057081257561,3.87441195195248,1.53293069344468,-3.0812226075969,-0.592839219049563,1.07779959944115,-0.412657207971345,-1.53304303025388,2.72917167470713,3.49169167024932,6.99907751353106,-4.55891176284208,4.60572705636491,1.06143422527949,5.81112457367639,4.28914103865253,-12915.2135346223
0,0,-2.05605700011777,-3.9010927218791,-1.58612128794372,-0.44710273263582,3.87195637961407,1.53289266671682,-3.07704081101678,-0.592883913778293,1.07808398183902,-0.412695176197769,-1.53415977593715,2.72965871811935,3.49150698884413,6.99221064603441,-4.55831922391655,4.60549309775317,1.06225815556914,5.80780256946015,4.28629754715924,-12915.2122570997
0,0,-2.0560506994738,-3.90120637747536,-1.58710877324562,-0.447106386658682,3.87555648907211,1.53460862240144,-3.07693496739327,-0.592928078766928,1.07755534529783,-0.412703249295372,-1.53504972151979,2.73151420629279,3.48570624444908,6.98772119280993,-4.55443278994294,4.60255324659063,1.06546276982487,5.80433085368014,4.27419166721596,-12915.2110180997
0,0,-2.05602218766852,-3.90143629470569,-1.58754625081615,-0.447124662284317,3.87498231462862,1.53495272349914,-3.0774988312244,-0.592944246479801,1.07751974933952,-0.412723717416054,-1.53547819084429,2.73227016115016,3.48367235565416,6.98795771214807,-4.55549097426783,4.6015991491867,1.0664953011626,5.8037595816096,4.27376907837167,-12915.2105667016
0,0,-2.05657519792543,-3.8995075638369,-1.58795936055799,-0.447356136273679,3.87033190180864,1.53976695149109,-3.07359457782424,-0.592686683766314,1.07465388228981,-0.412907519251762,-1.53132681720278,2.74175324899799,3.49474870950915,7.00538156276945,-4.56841847113713,4.60881732777259,1.0794055489643,5.81532869043053,4.27274162621674,-12915.2089601035
0,0,-2.05671274705483,-3.90285037129642,-1.58985420613685,-0.447780517499072,3.85580439626183,1.54259266574582,-3.07844527870462,-0.592433313993283,1.07274550501337,-0.413312581783626,-1.53014076169705,2.75028509947406,3.51609488301487,7.02587198460788,-4.57441940545012,4.62079795045865,1.09439044299707,5.83445563784976,4.26388559060833,-12915.2081420109
0,0,-2.0576929934147,-3.90358319421554,-1.59080929742495,-0.448496650383041,3.87225396517922,1.53724608533434,-3.07759458020424,-0.591608248881805,1.07313475028718,-0.41451822333758,-1.53539856598605,2.74063614142032,3.54733422306813,7.0615980927447,-4.56951707710664,4.62197671856405,1.11885682410305,5.862852324649,4.27584790674063,-12915.2043855156
0,0,-2.05862615843678,-3.90582363801495,-1.59912446810493,-0.452151098984941,3.89090569170931,1.53815344094583,-3.07719926936764,-0.588042753607943,1.09261196624733,-0.41872866564367,-1.52305563870273,2.74820267099062,3.54576619212501,7.07590505914636,-4.55453497483908,4.61985666844431,1.12465861964422,5.86884770592889,4.27835574924048,-12915.2011591184
0,0,-2.05938959737218,-3.90587881892469,-1.59975455107034,-0.453539460387136,3.9038054043355,1.54202335605881,-3.07506565698849,-0.58629035751056,1.09321135458002,-0.420139440881782,-1.53031849937372,2.7557193191078,3.54343268704842,7.08570845150826,-4.55743235852665,4.6224072882682,1.12038897626339,5.87161283097817,4.27731364016011,-12915.1956293092
0,0,-2.05930740734514,-3.90651755433681,-1.59977617901076,-0.454984320654852,3.89097442789592,1.54520428866712,-3.07518750681733,-0.584694605785939,1.08563544644657,-0.420698736543105,-1.52969697492234,2.74325223574031,3.53236847311811,7.07514056198417,-4.53948983118443,4.60742328458082,1.116807124946,5.86331266309659,4.28470691898009,-12915.1910285168
0,0,-2.05906798996658,-3.90600304791649,-1.59964340254886,-0.456033287833707,3.88351655272091,1.53719097389469,-3.07519762592653,-0.583722690675806,1.07945575640048,-0.421023500961804,-1.52654436315357,2.72715034292546,3.52290635773324,7.07200654299083,-4.56682117507681,4.59137117850435,1.11343999906987,5.85828488587043,4.26352231562944,-12915.1883925088
0,0,-2.05837130903113,-3.90650618802461,-1.58578460187247,-0.457460058214312,3.87638425475518,1.5090867207271,-3.07720904773864,-0.583540185067443,1.06895911131413,-0.421018916906216,-1.52331472573739,2.74955127390563,3.49539283126694,7.04468761405427,-4.55503915801539,4.58946219583041,1.10750502172231,5.8372049542592,4.26058276359847,-12915.1869831777
0,0,-2.05799841269449,-3.9053649466715,-1.54935109769144,-0.460450682145168,3.85315085125066,1.51004135503172,-3.07703656698194,-0.583329300168923,1.06913188775422,-0.42166138157925,-1.53039624822794,2.74143549302669,3.47386109337491,7.03532636423921,-4.5588821070111,4.57395956352373,1.10233014731316,5.82658986390981,4.24795150645018,-12915.1868027514
0,0,-2.05738507445452,-3.90386134957825,-1.54923184840325,-0.460444817469865,3.85378075667479,1.51025148124702,-3.07748960487806,-0.583327713368604,1.06907041333965,-0.421655000996175,-1.53044263952237,2.74128542672606,3.47308285581123,7.03330574748556,-4.55916408053907,4.57430903994592,1.10233653248712,5.82917567425823,4.24799924382665,-12915.1862004307
0,0,-2.05737922824633,-3.90381910434027,-1.54924119881955,-0.460438703620527,3.8544665691767,1.5103881203103,-3.07741055688282,-0.583329124916517,1.06899278875586,-0.421646285660356,-1.53039345632012,2.74146041307226,3.47313690505497,7.03212837191325,-4.55928497518471,4.57312754919081,1.10235348434194,5.83025079425855,4.24798032842992,-12915.18604926
